vlan 100,nameif wireless_user-v100
vlan 101,nameif wireless_user-v101
vlan 102,nameif wireless_user-v102
vlan 103,nameif wireless_user-v103
vlan 104,nameif wireless_user-v104
vlan 105,nameif wireless_user-v105
vlan 106,nameif wireless_user-v106
vlan 107,nameif wireless_user-v107
vlan 108,nameif wireless_user-v108
vlan 109,nameif wireless_user-v109
vlan 110,nameif wireless_user-v110
vlan 111,nameif wireless_user-v111
vlan 112,nameif wireless_user-v112
vlan 113,nameif wireless_user-v113
vlan 114,nameif wireless_user-v114
vlan 115,nameif wireless_user-v115
vlan 116,nameif wireless_user-v116
vlan 117,nameif wireless_user-v117
vlan 118,nameif wireless_user-v118
vlan 119,nameif wireless_user-v119
vlan 120,nameif wireless_user-v120
vlan 121,nameif wireless_user-v121
vlan 122,nameif wireless_user-v122
vlan 123,nameif wireless_user-v123
vlan 124,nameif wireless_user-v124
vlan 125,nameif wireless_user-v125
vlan 126,nameif wireless_user-v126
vlan 127,nameif wireless_user-v127
vlan 128,nameif wireless_user-v128
vlan 129,nameif wireless_user-v129
vlan 130,nameif wireless_user-v130
vlan 131,nameif wireless_user-v131
vlan 132,nameif wireless_user-v132
vlan 133,nameif wireless_user-v133
vlan 134,nameif wireless_user-v134
vlan 135,nameif wireless_user-v135
vlan 136,nameif wireless_user-v136
vlan 137,nameif wireless_user-v137
vlan 138,nameif wireless_user-v138
vlan 139,nameif wireless_user-v139
vlan 140,nameif wireless_user-v140
vlan 141,nameif wireless_user-v141
vlan 142,nameif wireless_user-v142
vlan 143,nameif wireless_user-v143
vlan 144,nameif wireless_user-v144
vlan 145,nameif wireless_user-v145
vlan 146,nameif wireless_user-v146
vlan 147,nameif wireless_user-v147
vlan 148,nameif wireless_user-v148
vlan 149,nameif wireless_user-v149
vlan 150,nameif server-v150
vlan 151,nameif server-v151
vlan 152,nameif server-v152
vlan 153,nameif server-v153
vlan 154,nameif server-v154
vlan 155,nameif server-v155
vlan 156,nameif server-v156
vlan 157,nameif server-v157
vlan 158,nameif server-v158
vlan 159,nameif server-v159
vlan 160,nameif server-v160
vlan 161,nameif server-v161
vlan 162,nameif server-v162
vlan 163,nameif server-v163
vlan 164,nameif server-v164
vlan 165,nameif server-v165
vlan 166,nameif server-v166
vlan 167,nameif server-v167
vlan 168,nameif server-v168
vlan 169,nameif server-v169
vlan 170,nameif server-v170
vlan 171,nameif server-v171
vlan 172,nameif server-v172
vlan 173,nameif server-v173
vlan 174,nameif server-v174
vlan 175,nameif server-v175
vlan 176,nameif server-v176
vlan 177,nameif server-v177
vlan 178,nameif server-v178
vlan 179,nameif server-v179
vlan 180,nameif server-v180
vlan 181,nameif server-v181
vlan 182,nameif server-v182
vlan 183,nameif server-v183
vlan 184,nameif server-v184
vlan 185,nameif server-v185
vlan 186,nameif server-v186
vlan 187,nameif server-v187
vlan 188,nameif server-v188
vlan 189,nameif server-v189
vlan 190,nameif server-v190
vlan 191,nameif server-v191
vlan 192,nameif server-v192
vlan 193,nameif server-v193
vlan 194,nameif server-v194
vlan 195,nameif server-v195
vlan 196,nameif server-v196
vlan 197,nameif server-v197
vlan 198,nameif server-v198
vlan 199,nameif server-v199
vlan 200,nameif wired_user-v200
vlan 201,nameif wired_user-v201
vlan 202,nameif wired_user-v202
vlan 203,nameif wired_user-v203
vlan 204,nameif wired_user-v204
vlan 205,nameif wired_user-v205
vlan 206,nameif wired_user-v206
vlan 207,nameif wired_user-v207
vlan 208,nameif wired_user-v208
vlan 209,nameif wired_user-v209
vlan 210,nameif wired_user-v210
vlan 211,nameif wired_user-v211
vlan 212,nameif wired_user-v212
vlan 213,nameif wired_user-v213
vlan 214,nameif wired_user-v214
vlan 215,nameif wired_user-v215
vlan 216,nameif wired_user-v216
vlan 217,nameif wired_user-v217
vlan 218,nameif wired_user-v218
vlan 219,nameif wired_user-v219
vlan 220,nameif wired_user-v220
vlan 221,nameif wired_user-v221
vlan 222,nameif wired_user-v222
vlan 223,nameif wired_user-v223
vlan 224,nameif wired_user-v224
vlan 225,nameif wired_user-v225
vlan 226,nameif wired_user-v226
vlan 227,nameif wired_user-v227
vlan 228,nameif wired_user-v228
vlan 229,nameif wired_user-v229
vlan 230,nameif wired_user-v230
vlan 231,nameif wired_user-v231
vlan 232,nameif wired_user-v232
vlan 233,nameif wired_user-v233
vlan 234,nameif wired_user-v234
vlan 235,nameif wired_user-v235
vlan 236,nameif wired_user-v236
vlan 237,nameif wired_user-v237
vlan 238,nameif wired_user-v238
vlan 239,nameif wired_user-v239
vlan 240,nameif wired_user-v240
vlan 241,nameif wired_user-v241
vlan 242,nameif wired_user-v242
vlan 243,nameif wired_user-v243
vlan 244,nameif wired_user-v244
vlan 245,nameif wired_user-v245
vlan 246,nameif wired_user-v246
vlan 247,nameif wired_user-v247
vlan 248,nameif wired_user-v248
vlan 249,nameif wired_user-v249
